index,name,weight,label
1,PEARL MILLET POHA,250GM,KAMBU AVAL
2,WHEAT POHA,250GM,KOTHUMAI AVAL
3,GREEN GRAM POHA,250GM,PAASI PAYIRU AVAL
4,RAGI POHA,250GM,KELVARAGU AVAL
5,KODO MILLET POHA,250GM,VARAGU AVAL
6,FOXTAIL MILLET POHA,250GM,THINAI AVAL
7,MIXED FLAKES,250GM,"RAGI,FOXTAIL,LITTLE"
8,CORN FLAKES,200GM,MAKKA SOLAM AVAL
9,BARNYARD POHA,250GM,KUTHIRAIVAALI  AVAL
10,MIXED FLAKES,250GM,"RAGI,PEARL,SORGHUM"
11,HORSEGRAM FLAKES,250GM,KOLLU AVAL
12,RICE POHA,250GM,THOOYAMALLI AVAL
13,QUINOA  POHA,250GM,SEEMAI THINAI AVAL
14,RED CHOLA POHA,250GM,SIVAPPU CHOLA  AVAL
15,LITTLE MILLET POHA,250GM,SAAMAI  AVAL
16,OATS,250GM,
17,BARLEY FLAKES,250GM,VAAL KOTHUMAI AVAL
18,UNPOLISHED RICE AVAL,250GM,KAIKUTHAL
19,KARUPU KAVUNI AVAL,250GM,
20,TOMATO SEMIYA,180GM,THAKKALI
21,FOXTAIL SEMIYA,180GM,THINAI
22,LITTLE MILLET SEMIYA,180GM,SAAMAI
23,RAGI SEMIYA,180GM,KELVARAGU
24,CURRY LEAVES SEMIYA,180GM,KARUVEPILLAI
25,SOYA SEMIYA,180GM,
26,WHEAT SEMIYA,180GM,KOTHUMAI
27,KODO MILLET NOODLES,180GM,VARAGU
28,MORINGA NOODLES,190GM,MURUNGAI
29,FINGER MILLET NOODLES,180GM,RAGI
30,MULTI,180GM,
31,MULTI,190GM,
32,PEARL MILLET NOODLES,180GM,KAMBU
33,BRIDEGROOM RICE NOODLES,180GM,MAPILAI SAMBA
34,SOYA NOODLEES,180GM,
35,FOXTAIL MILLET NOODLES,180GM,THINAI
36,WHEAT NOODLES,180GM,KOTHUMAI
37,RED RICE NOODLES,180GM,SIVAPPU ARISI
38,HORSE GRAM NOODLES,180GM,KOLLU
39,BARNYARD MILLET NOODLES,180GM,KUTHIRAI VAALI
40,FINGER MILLET NOODLES,190GM,RAGI
41,WHEAT RAVA,500GM,KOTHUMAI
42,WHEAT RAVA,250GM,KOTHUMAI
43,WHITE RAVA,500GM,VELLAI
44,ROASTED SOOJI,500GM,RAVA
45,LITTLE MILLET RAVA,400GM,SAAMAI
46,RAGI RAVA,400GM,KELVARAGU
47,BARNYARD MILLET RAVA,400GM,KUTHURAI VALI
48,FOXTAIL MILLET RAVA,400GM,THINAI
49,PEARL MILLET RAVA,400GM,KAMBU
50,FOXTAIL,250GM,
51,KODO MILLET SAMBA RAVA,250GM,VARAGU
52,LITTLE MILLET,250GM,
53,BARNYARD,250GM,
54,PROSOMILLET SAMBA RAVA,250GM,PANIVARAGU
55,BROKEN WHEAT RAVA,500GM,KOTHUMAI KURANAI
56,GROUNDNUT OIL,,KADALAI ENNAI
57,GROUNDNUT OIL,500ML,KADALAI ENNAI
58,COCONUT OIL,,THENGAI ENNAI
59,COCONUT OIL,500ML,THENGAI ENNAI
60,MUSTARD OIL,500ML,KADUGU ENNAI
61,CASTOR OIL,100ML,VELAKENNAI
62,SUNFLOWER OIL,,SOORIYAKAANTHI ENNAI
63,SUNFLOWER OIL,500ML,SOORIYAKAANTHI ENNAI
64,NEEM ESSENTIAL OIL,15ML,
65,EUCALYPTUS OIL,10ML,
66,BUFFALO GHEE,500ML,ERUMAI NEI
67,COW GHEE,500ML,PASU NEI
68,KANGEYAM COUNTRY COW GHEE,500ML,NAATU MAADU NEI
69,BUFFALO GHEE,200GM,ERUMAI NEI
70,KANGEYAM COUNTRY COW GHEE,,NAATU MAADU NEI
71,AK COW GHEE,195ML,PASU NEI
72,COW GHEE,490ML,PASU NEI
73,HAPPY HEART,250ML,
74,PINK BERRY WINE,,
75,GOLDEN PASSION WINE,,
76,RED VIOLET WINE,,
77,RED VIOLET WINE,,FESTIVE EDITION
78,HIMALAYAN HONEY,,
79,PURE ACACIA HONEY,,
80,PURE SUNFLOWER HONEY,,
81,PURE MUSTARD HONEY,,
82,HIMALAYAN HONEY,,
83,PURE TULSI HONEY,,
84,PEARL MILLET PASTA,180GM,KAMBU
85,MORINGA PASTA,180GM,MURUNGAI
86,RED RICE PASTA,180GM,SIVAPPU ARISI
87,KODA MILLET PASTA,180GM,VARAGU
88,FINGER MILLET PASTA,180GM,RAGI
89,MULTI MILLET PASTA,180GM,
90,FOXTAIL MILLET PASTA,180GM,THINAI
91,BARNYARD MILLET PASTA,180GM,KUTHIRAIVAALI
92,LITTLE MILLET PASTA,180GM,SAAMAI
93,WHEAT,180GM,
94,WHEAT,180GM,KOTHUMAI
95,WHEAT,180GM,
96,WHEAT,180GM,
97,WHEAT,180GM,
98,WHEAT,180GM,
99,WHEAT,180GM,
100,WHEAT,180GM,
101,WHEAT,180GM,
102,THOOYAMALLI RICE,,
103,SIVAN SAMBA RICE,,
104,KATTUYANAM RICE,,
105,PONNI BOILED RICE,,
106,KAIKUTHAL PULUNGAL RICE,,
107,IDLYKKAR RICE,,
108,RED RICE,,
109,BASMATHI RICE,,
110,IR 20 RICE,,
111,IDLY RICE,,102
112,SEERAGA SAMBA RICE,,
113,RAW RICE,,18B
114,KICHILI SAMBA RICE 1KG,,
115,KERALA RICE,,
116,POONGAR RICE,,
117,KOTTARAM SAMBA,,
118,KALLUNDAI SAMBA RICE,,
119,NEY KICHILI RICE,,
120,PAALKUDAVAALAI RICE,,
121,SONAMASOORI RICE,,
122,SONA MASURI STEAM RICE,,
123,SONAM MASURI RAW RICE,,12 MONTHS
124,SONA MASURI RAW RICE,,18 MONTHS
125,SONA MASURI BROWN RICE,,UNPOLISHED
126,KARUPPU KAVUNI RICE 1kg,,
127,SIVAPU KAVUNI RICE,,
128,BAMBOO RICE,,
129,PISINI RICE,,
130,SITHIRIKKAR RICE,,
131,PULUNGAL RICE,,IR 20
132,ILUPPAI POO SAMBA,,
133,SOORAKURUVAI RICE,,
134,KALABATH RICE,,
135,MADUMULUNGI RICE,,
136,KALANAMAK RICE,,
137,BAVANI RICE,,
138,VAADAN SAMBA RICE,,
139,KULIVEDICHAN SAMBA RICE,,
140,NEELAM SAMBA RICE,,
141,KARUNGURUVAI RICE,,
142,THANGA SAMBA RICE,,
143,NAVARA RICE,,
144,MANI SAMBA RICE,,
145,KOTHUMALLI RICE,,
146,RAKTHASAALI RICE,,
147,CORRIANDER POWDER,100GM,MALLI
148,CORRIANDER POWDER,250GM,MALLI
149,KASHMIR CHILLI POWDER,100GM,
150,BLACK PEPPER POWDER,100GM,KARUMILAGU
151,BLACK PEPPER POWDER,50GM,KARUMILAGU
152,WHITE PEPPER POWDER,50GM,VELLAI MILAGU
153,CUMIN POWDER,50GM,SEEARAGAM
154,CUMIN POWDER,100GM,SEEARAGAM
155,SAMBAR  POWDER,150 GM,
156,CURRY MASALA,100GM,
157,GARAM MASALA,100GM,
158,FENU GREEK POWDER,100GM,VENDHAIYA
159,RASA PODI,,
160,CHILLI POWDER,100GM,MILAGAI
161,BISMI HEALTH MIX,,
162,YELLOW RAISIN,,
163,ALMOND,,
164,BLACK RAISIN SEED,,
165,BADAM PISIN,,
166,ROCK CANDY,,
167,DATE SYRUP,,
168,FRIED CHILLI CASHEW,,
169,ROSE GULKAND,,
170,CALIFORNIA WALNUTS,,
171,BREAKFAST MIX,,
172,PITTED PRUNED,,DRIED PLUMS
173,BLACK RAISINS,,SEEDLESS
174,ROASTED & SALTED PISTACHIOS,,
175,DIVINE ROASTED ALMOND,,
176,ROASTED & SALTED CALIFORNIAN ALMONDS,,
177,DRY STRAWBERRY,,
178,DRIED BLUEBERRIES,,WHOLE
179,CALIFORNIA PIDTACHIOS,,
180,RAGI MALT,,
181,CARROT MALT,,
182,NENDRAN BANANA MALT,,
183,BEETROOT MALT,,
184,FLAX SEEDS,,
185,CHIA SEEDS,,
186,FLAX SEEDS,,ROASTED
187,SUNFLOWER SEEDS,,
188,MUSKMELON SEEDS,,
189,PUMPKIN SEEDS,,
190,CUCUMBER SEEDS,,
191,SABJA SEEDS,,
192,SEED MIX,,
193,SESAME SEEDS,,
194,GARLIC SOUP,,POONDU
195,SYZYGIUM CUMINI NUT SOUP,,NAAVAL KAAI VIDHAI
196,SOLANUM NIGRUM SOUP,,MANATHAKKALI
197,AMLA SOUP,,NELLIKAI
198,FICUS GLOMERATA FRUIT SOUP,,ATTHIPALAM
199,CYNODON DACIYLON  SOUP,,ARUGAMPUL
200,HIBISCUS SOUP,,SEMBARUTHI
201,ALTEM ANTHERA TRAINDRA,,PAASALAI
202,HIBISCUS SOUP,,SEMBARUTHI
203,HORSE GRAM SOUP,,KOLLU
204,MORINGA LEAF SOUP,,MURUNGAI KEERAI
205,BRAHMI SOUP,,VALLARAI
206,MUSA PARADISIACA SOUP,,VAALAI
207,CASSIA AURICULATA SOUP,,AAVARAM POO
208,CARDIO SPERMUM HALICACABUM SOUP,,MUDAKATHAAN
209,SOLANUMTRILOBATUM SOUP,,THUTHIKAI
210,CURRY LEAF SOUP,,KARUVEPPILAI
211,BRAHMI POWDER,,VALLARAI PODI
212,PEARL MILLET MURUKKU,,KAMBU
213,FINGER MILLET RIBBON PAKODA,,KELVARAGU
214,FOXTAIL MILLET KUZHAL MURUKKU,,THINAI
215,PEARL MILLET PEPPER KARASEV,,KAMBU MILAGU
216,LITTLE MILLET COOKIES,,SAAMAI
217,BARNYARD MILLET COOOKIES,,KUTHIRAIVAALI
218,KODO MILLET COOKIES,,VARAGU
219,PEARL MILLET  COOKIES,,KAMBU
220,MULTI MILLET COOKIES,,SIRUTHANIYAM
221,FINGER MILLET COOKIES,,KELVARAGU
222,RUSKONA,,
223,COCONUT BARFI,,THENGAI
224,GROUNDNUT  KOVA,,KADALAI
225,SESEME BALLS,,ELLU URUNDAI
226,GROUNDNUT BALLS,,KADALAI URUNDAI
227,FOXTAIL MILLET LADDO,,THINAI
228,PEARL MILLET LADDO,,KAMBU
229,GREEN GRAM LADDO,,PACHAI PAYIRU
230,KARUPPUKAVUNI LADDO,,
231,LITTLE MILLET LADDO,,SAAMAI
232,KARUPPUKAVUNI LADDO,,
233,GROUNDNUT  KOVA,,NILAKADALAI
234,LITTLE MILLET LADDO,,SAAMAI
235,GREEN GRAM LADDO,,PACHA PAYIRU
236,GROUNDNUT  BALLS,,NILAKADALAI
237,PEARL MILLET LADDO,,KAMBU
238,FOXTAIL MILLET LADDO,,THINAI
239,COCONUT POP,,THENGAI
240,ALMOND POP,,BADAM
241,MILLALA INDIAN SPICES,,
242,PEANUT POP,,KADALAI
243,MILLALA CHEESE & MINT,,PUDINA
244,MILLALA INDIAN TOMATO,,THAKKALI
245,MILLET BYTES TANGY TOMATO,,KAARA THAKKALI
246,MILLET BYTES ALMOND CRUNCH,,BADAM
247,MILLET BYTES COCONUT CRISPY,,THENGAI
248,MILLET BYTES VANILLA FILLS,,
249,MILLET BYTES CHOCO FILLS,,
250,MILLET BYTES STRAWBERRY FILLS,,
251,ELANTHAVADAI,,90'S KID SPECIAL
252,ELANTHAVADAI SWEET,,
253,KO VIBOOTHI,100GM,
254,ALBIZIA AMARA POWDER,,GREEN ARAPPU
255,BLACK DAMMER POWDER,,KARUPPU KUNGLIYAM
256,NEEM COMB,,VEPPAN SEEPU
257,BAMBOO TOOTHBRUSH,,MOONGIL
258,KUNKUMADI OIL,100ML,
259,WILD TURMERIC,,KASTHURIMANJAL
260,HERBAL SHAMPOO,100ML,
261,BOOTHIKAI PODI,,
262,LAUNDRY BAR,,WASHING SOAP
263,VETIVER BATH SCRUBBER,,
264,FALSE DAISY POWDER,,KARISALANGKANNI
265,SNANA POWDER,,
266,NATURAL HERBAL BATH SOAP,,
267,ALOEVERA GEL,,KATRAALAI
268,CUCUMBER ALOEVERA GEL,,
269,ROSEWATER,115ML,PANEER
270,ROYAL UBTAN FACEPACK,,
271,ALOEVERA GEL,,KATRAALAI
272,LIP BALM,,
273,THIRIPALA SOAP,,
274,POMEGRANATE SOAP,,MAADHULAI
275,KUMKUMADI OIL,100ML,
276,LAVENDER SOAP,,
277,NATURAL FACE WASH CHARCOAL,200ML,
278,COFFEE & COCOA SOAP,,
279,MORINGA SOAP,,MURUNGAI
280,HERBAL SOAP,,MOOLIGAI
281,NEEM & TURMERIC SOAP,,VEPPAN & MANJAL
282,ROSE SOAP,100 GM,
283,COCO & COFFEE SOAP,,
284,SHEA BUTTER SOAP,100 GM,
285,CANE SUGAR & ORANGE PEEL SOAP,100 GM,
286,SANDAL WOOD SOAP,100 GM,
287,CUCUMBER & ALOEVERA SOAP,,
288,ACTIVATED CHARCOAL SOAP,100 GM,
289,ALOEVERA SOAP,,
290,NEEM SOAP,100GM,
291,PAPAYA SOAP,100GM,
292,RED SANDAL SOAP,100GM,
293,SANDAL SOAP,100GM,
294,SAFFRON SOAP,100GM,
295,NEEM SOAP,100 GM,
296,EUCALYPTUS & PEPPERMENT BATH SALT,,
297,LAVENDER& BASIL BATH SALT,,
298,ROSE & GERANIUM BATH SALT,,
299,ORANGE & LEMON GRASS BATH SALT,,
300,REFRESHING LIME BATH SALT,,
301,CHARCOAL CREAM,,
302,CHARCOAL SCRUB,,
303,WALNUT SCRUB,,
304,APPRICOT SCRUB,,
305,PAPAYA SCRUB,,
306,MANICURE & PEDICURE SCRUB,,
307,ALMOND SCRUB,,
308,HERBAL HAIR OIL,200ML,
309,VITAMIN E OIL,100ML,
310,NATURAL HERBAL OIL,100ML,
311,BLACK PANTHER OIL,100ML,
312,ONION SHAMPOO,200ML,
313,CHARCOAL SHAMPOO,200ML,
314,ALMOND OIL,200ML,
315,HERBAL HAIR OIL,100ML,
316,OLIVE OIL,100ML,
317,HAIR OIL,100ML,AO
318,HIBISCUS HAIR OIL,200ML,
319,VETTIVER HAIR OIL,200ML,
320,VITAMIN C OIL,100ML,
321,ONION OIL,100ML,
322,FRENCH BLEND COFFEE,,
323,HIGH VOLTAGE COFFEE,,
324,PEA BERRY 80% COFFEE,,
325,MYSORE NUGGETS COFFEE,,
326,BROWN GOLD COFFEE,,
327,ITALIAN ESPRESSO ROAST COFFEE,,
328,GOLD RIBBON COFFEE,,COFFEE 65%CHICORY 35%
329,AROMA GOLD,,COFFEE 70% CHICORY 30%
330,MONKEY PARCHMENT COFFEE,,COFFEE 80% CHICORY 20%
331,WILD COFFEE,,COFFEE 80% CHICORY 20%
332,E2H COFFEE,,COFFEE 80%
333,PREMIUM ASSAM TEA,,
334,JAMUN POWDER,,NAVAL VIDHAI
335,BLACK NIGHTSHADE POWDER,,MANATHAKKALI
336,BAEL LEAF POWDER,,VILVA
337,CALAMUS / SWEET FLAG POWDER,,VASAMBU
338,FALSE DAISY POWDER,,KARISALANKANNI
339,BALLOON VINE POWDER,,MUDAKATHAN
340,LOTUS POWDER,,THAMARAI
341,ANDROGRAPHIS POWDER,,NILAVEMBU
342,BERMUDA GRASS POWDER,,ARUGAMPUL
343,THULASI LEAF POWDER,,
344,COUNTRY GOOSEBERRY POWDER,,KEELANELLI
345,ASWAGANDHA POWDER,,
346,CASSIA AURICULATA POWDER,,AVARAM POO
347,TRIBULUS TERRESTRIS POWDER,,SIRUNERUNJIL
348,TRIKADUKU POWDER,,
349,TERMINALIA CHEBULA POWDER,,KADUKKAI
350,VETTI VER,,
351,VELDT GRAPE THOKKU,200GM,PIRANDAI
352,MANGO PICKLE,200GM,
353,CITRON PICKLE,200GM,NAARTHANGAI
354,COUNTRY SUGAR,500GM,
355,COCONUT SUGAR,250GM,
356,COUNTRY SUGAR,,
357,SOYACHUNKS,,MEAL MAKER
358,FENU GREEK,,VENTHAYAM
359,HIMALAYAN SALT CRYSTAL,500GM,
360,SUGARCANE JAGGERY,,KATTI VELLAM
361,PALM SUGAR,250 G,
362,AJWAIN,50GM,OMAM
363,WHITE SESAME,100GM,VELLAI ELLU
364,SAGO,250GM,JAVARISI
365,AGAR AGAR,,KADAL PAASI
366,PANAKALKANDU,100GM,
367,ACHU VELLAM,500GM,
368,CUMIN SEEDS,,SEERAGAM
369,DISHWASH POWDER,,
370,KITCHEN CLEANER,500ML,
371,NATURAL LAUNDRY DETERGENT,500ML,
372,NATURE SPRAY LAVENDER,250ML,
373,NATURE SPRAY LEMON,250ML,
374,NATURE SPRAY WHITE LILY,250ML,
375,TOILET CLEANER,500ML,
376,BATHROOM CLEANER,500ML,
377,GLASS CLEANER SPRAY,500ML,
378,HERBAL COCKROACH REPELLANT,100ML,
379,HERBAL COCKROACH REPELLANT OIL GEL,,
380,AYURVEDIC COCKROACH REPELANT,200ML,
381,HERBAL HOUSEFLY REPELLANT,100ML,
382,HERBAL MOSQUITO REPELLANT BODY SPRAY,100ML,
383,HERBAL MOSQUITO REPELLANT ROOM SPRAY,100ML,
384,NATURE SPRAY SANDAL,250ML,
385,NATURE SPRAY ROSE,250ML,
386,ONION VADAGAM,100GM,VENGAYAM
387,CARROT VADAGAM,100GM,
388,AJWAIN VADAGAM,100GM,OMAM
389,KASURI METHI VADAGAM,100GM,VENDIYA KEERAI
390,RAGI VADAGAM,100GM,
391,GARLIC VADAGAM,100GM,POONDU
392,POTATO VADAGAM,100GM,URULAIKILANGU
393,CUMIN SEEDS  VADAGAM,100GM,SEERAGAM
394,CHILLI GARLIC VADAGAM,100GM,
395,MINT LEAVES VADAGAM,100GM,PUDINA
396,BEETROOT VADAGAM,100GM,
397,GREEN CHILLI VADAGAM,100GM,PACHAI MILAGAI
398,TOMATO VADAGAM,100GM,THAKKALI
399,CORN VADAGAM,100GM,MAKKA SOLAM
400,TURKEY BERRY VATHAL,,SUNDAKKAI
401,GUNDU MORE MILAGAI VATHAL,,
402,KUDAMPULI,,
403,BLACK PEPPER,200GM,KARUMILAGU
404,BLACK CUMIN,100GM,KARUNJEERAGAM
405,BLACK PEPPER,100GM,KARUMILAGU
406,WHITE PEPPER,100GM,VELLAI MILAGU
407,MUSTARD,100GM,KADUGU
408,MUSTARD,200GM,KADUGU
409,MUSTARD,150GM,KADUGU
410,BIRIYANI ILAI,,
411,CINNAMON,20GM,PATTAI
412,CLOVES,50GM,KIRAMBU
413,FENEL SEEDS,50GM,SOMBU
414,FENEL SEEDS,100GM,SOMBU
415,KADUKAI,50GM,
416,FENEL SEEDS,25GM,SOMBU
417,CORIANDER,250GM,NATTU MALLI
418,TEJA RED CHILLI,200GM,TEJA MILAGAI
419,GUNDU MILAGAI,200GM,
420,GUNDU MILAGAI,100GM,
421,NUTMEG,50GM,JAATHIKAAI
422,VIRALI MANJAL,,
423,POPPY SEED,20GM,KASA KASA
424,CARDAMOM,25GM,YELAKKAI
425,WHITE URAD DAL,500GM,VELLAI MOTTU ULUNDHU
426,WHITE URAD DAL,,VELLAI MOTTU ULUNDHU
427,TOOR DAL,500GM,THUVARAM PARUPPU
428,SOILED TOOR DAL,500GM,MANKATTIYA THUVARAM PARUPPU
429,PAASI PAYIRU,500GM,RAINFALL YIELD
430,MYSORE DAL,250GM,
431,BLACK URAD DAL,500GM,BROKEN
432,BLACK URAD DAL,500GM,KARUPPU ULUNDHU
433,MYSORE DAL,500GM,
434,GREEN GRAM,500GM,PAASI PAYIRU
435,MOONG DHAL,500GM,SPLIT
436,CHANNA DHAL,500GM,KADALAI PARUPPU
437,BENGAL GRAM FULL,500GM,MULU POTTU KADALAI
438,BENGAL GRAM FULL,250GM,MULU POTTU KADALAI
439,BENGAL GRAM,250GM,SPLIT
440,BENGAL GRAM,500GM,SPLIT
441,BELLAR DHAL,250GM,AVARAI PARUPPU
442,DOUBLE CURRY BEANS,250GM,IRETTAI AVARAI
443,RANGOON BEANS,250GM,MOCHAI
444,RED RAJMA,250GM,SIVAPPU
445,BUTTER BEANS SEEDS,250GM,VARI MOCHAI
446,BLACK EYED  PEAS,250GM,THATTA PAYIR
447,GREEN PEAS,250GM,PACHA PATTANI
448,WHITE PEAS,250GM,VELLA PATTANI
449,DOT BEANS,250GM,PULLI PATTANI
450,SOYA BEANS,250GM,
451,YELLOW SORGHUM,500GM,MANJAL CHOLAM
452,RED SORGHUM,500GM,SIVAPU CHOLAM
453,NILAKADALAI,250GM,GROUNDNUT
454,WHITE SORGHUM,500GM,VELLAI CHOLAM
455,HORSE GRAM,250GM,KOLLU
456,WHITE CHANNA,500GM,VELLAI SUNDAL
457,WHITE CHANNA,250GM,VELLAI SUNDAL
458,BLACK HORSE GRAM,250GM,KARUPU KOLLU
459,BLACK CHANNA,250GM,KARUPU SUNDAL
460,BLACK CHANNA,500GM,KARUPU SUNDAL
461,FOXTAIL,500GM,THINAI
462,LITTLE MILLET,500GM,SAAMAI
463,BARNYARD MILLET,500GM,KUTHURA VALI
464,LITTLE MILLET,500GM,KULA SAAMAI
465,RAGI,500GM,KELVARAGU
466,RAGI,,KELVARAGU
467,BARNYARD MILLET,,KUTHURAIVALI
468,KARUPU KAVUNI KURANAI,250GM,
469,LITTLE MILLET,500GM,SAAMAI
470,SAMBA KOTHUMAI,500GM,
471,CORN,250GM,MAKKA CHOLAM KURUNAI
472,CORN,500GM,MAKKA CHOLLAM
473,WHEAT,,KOTHUMAI
474,FOXTAIL,500GM,THINAI
475,WILD PEARL MILLET,500GM,KAATU KAMBU
476,PROSO KODO,500GM,PANI VARAGU
477,KODO MILLET,500GM,VARAGU
478,PEARL MILLET,500GM,GUNDU KAMBU
479,PEARL MILLET,500GM,KAMBU
480,BARLEY RICE,500GM,VAAL KOTHUMAI
481,CORN FLOUR,250GM,CHOLA MAAVU
482,CORN FLOUR,500GM,CHOLA MAAVU
483,BAJI & BONDA MIX,500GM,
484,BAJI & BONDA MIX,250GM,
485,WHEAT FLOUR,500GM,KOTHUMAI MAAVU
486,SPROUTED WHEAT  FLOUR,500GM,MULAIKATTIYA KOTHUMAI MAAVU
487,SPROUTED WHEAT FLOUR,,MULAIKATTIYA KOTHUMAI MAAVU
488,BLACK URAD DHAL PORRIDGE MIX,250GM,KARUPU ULUNDHU KANJI
489,GREEN GRAM FLOUR,250GM,PAASI PAYIRU MAAVU
490,RICE FLOUR,500GM,ARISI MAAVU
491,RICE FLOUR,250GM,ARISI MAAVU
492,MILLET DOSA MIX,500GM,SIRUTHAANIYA
493,SPROUTED CORN FLOUR,250GM,MULAIKATTIYA CHOLAM MAAVU
494,RAGI CHOCOLATE MALT,100GM,
495,SPROUTED BLACK CHANNA  FLOUR,250GM,MULAIKATTIYA KARUPPU SUNDAL MAAVU
496,F2B HEALTH MIX,,SATTHU MAAVU
497,SPROUTED LITTLE FINGER  FLOUR,500GM,MULAIKATTIYA RAGI MAAVU
498,SPROUTED  PEARLMILLET  FLOUR,250GM,MULAIKATTIYA KAMBU MAAVU
499,SPROUTED  PEARLMILLET  FLOUR,500GM,MULAIKATTIYA KAMBU MAAVU
500,FOXTAIL VENPONGAL MIX,250GM,THINAI
501,RAGI  FLOUR,500GM,KELVARAGU MAAVU
502,RED SORGUM FLOUR,,SIVAPU CHOLAM MAAVU
503,BENGAL GRAM,250GM,KADALAI MAAVU
504,BENGAL GRAM,500GM,KADALAI MAAVU
505,MULTIMILLET CHAPATHI FLOUR,,SIRUTHANIYA
506,LITTLE MILLET DOSA FLOUR,500GM,SAAMAI
507,BRIDEGROOM DOSA FLOUR,500GM,MAPPILAI SAMBA
508,BARNYARD DOSA READY MIX,500GM,KUTHURAIVALI
509,PROSO MILLET PANIYARAM READY MIX,500GM,PANI VARAGU
510,SPROUTED HORSE GRAM FLOUR,250GM,MULAIKATTIYA KOLLU MAAVU
511,HEALTH MIX,,SATTHU MAAVU
512,SEVEN FLOURS DOSAI MIX,500GM,ELLU MAAVU
513,TRIAL PACK,,
514,FLUFFY PADS,,JUMBO PACK
515,FLUFFY PADS,,JUMBO
516,MATERNITY PADS,,
517,ADULT DIAPERS,,
518,SWEAT PADS,,
519,FLUFFY PADS,,
520,FLUFFY PADS,,JUMBO MIX
521,SLIMMY PADS,,
522,SLIMMY PADS,,
523,PANTY LINERS,,
524,FLUFFY PADS,,
525,FLUFFY PADS,,
526,FLUFFY PADS,,
527,MATERNITY PADS,,
528,ADULT DIAPER,,
529,MATERNITY PADS,,
530,TRAIL PAD,,
531,BUTTER FRUIT,,AVACODO
532,ELAKKI,,BANANA
533,POOVAN,,BANANA
534,RED BANANA,,SEVAALAI
535,HILL BANANA,,MALAI VAALAI
536,KARPOORAVALLI,,THEEN VAALAI
537,POMEGRANATE,,MAADHULAI
538,ORANGE,,MALTA
539,SWEET LIME,,SAATHUKUDI
540,GUAVA,,KOYYA
541,INDIAN APPLE,,
542,ROYAL APPLE,,
543,GREEN APPLE,,
544,MUSKMELON,,MULAM PALAM
545,GREEN GRAPES,,PACHAI THIRATCHAI
546,PANEER GRAPES,,KARUPPU THIRATCHAI
547,NENDRAN BANANA,,
548,PINEAPPLE,,ANNASI
549,WATERMELON,,DHARBOOSINI
550,KAMALA ORANGE,,
551,STRAWBERRY,,
552,GREEN CAPSICUM,,KUDAI MILAGAI
553,LADY'S FINGER,,VENDAIKAI
554,RAW MANGO,,MAANGAI
555,BEETROOT,,
556,KOHLRABI,,NOOKAL
557,RADDISH,,MULLANGI
558,BEANS,,
559,IVY GUARD,,KOVAI KAI
560,SWEET POTATO,,SAKKARAI VALLI KILANGU
561,CHOW CHOW,,
562,POTATO,,URULAI
563,POTATO,,URULAI
564,ORGANIC CUCUMBER,,VELLARI
565,AMLA,,NELLI KAI
566,BROADBEANS,,AVARAI
567,SNAKE GUARD,,PUDALANGAI
568,LEMON,,ELUMICHAI
569,GREEN CHILLI,,PACHAI MILAGAI
570,BRINJAL,,KATHIRI KAI
571,CARROT,,
572,ONION,,PERIYA VENGAYAM
573,SMALL ONION,,CHINNA VENGAYAM
574,GINGER,,INJI
575,TOMATO,,NATTU THAKKALI
576,COLOCASIA,,CHEPA KELANGU
577,CORIANDER LEAF,,KOTTHAMALI KATTU
578,MINT,,PUDINA KATTU
579,CABBAGE,,MUTTAI KOSE
580,BOTTLE GUARD,,SURAI KAI
581,SPINACH,,KEERAI
582,PLANTAIN,,VALAI KAI
583,PLANTAIN STEM,,VALAI THANDU
584,PLANTAIN FLOWER,,VAALAI POO
585,COCONUT,,THENGAI
586,MUSHROOM,,KALAN
587,VELD GRAPE,,PIRANDAI
588,DRUM STICK,,MURUNGAI KAI
589,BITTER GUARD,,PAVA KAI
590,IVY GUARD,,PARUVAL KOVAI KAI
591,ALVALI KELANGU,,MARAVALLI KILANGU
592,CAULIFLOWER,,
593,BROCOLLI,,
594,SUKKINI VELLARI,,
595,SWEET CORN,,
596,YELLOW PUMPKIN,,MANJAL POOSANI KAI
597,ELEPHANT YAM,,SENAI KILANGU
598,COLOR CAPSICUM,,KUDAI MILAGAI
599,CLUSTER BEAN,,KOTTHAVARANGAI
600,DRY STRAWBERRY,,
601,DRY PINEAPPLE,,
602,DRY KIWI,,
603,DRY PLUMS,,
604,DRY CHERRY,,
605,DRY CRANBERRY,,
606,DRY AMLA,,NELLI
607,DRY FIG,,ATTHI
608,COUNTRY EGG,,NAATU KOLI MUTTAI
609,HILL GARLIC,,MALAI POONDU
610,AK TETRA BUTTERMILK PLAIN,200ML,
611,AK TETRA  BUTTERMILK SPICED,200ML,
612,AK  PACKET BUTTERMILK SPICED,200ML,
613,AK  PACKET CURD,,
614,AK A2  PACKET CURD,,
615,AK PACKET BUTTERMILK PLAIN,200ML,
616,AK BOX CURD,,
617,AK BOX CURD,,
618,AK BOX  CURD,,
619,AK PROBIOTIC PACKET  CURD,,
620,AK A2 COW MILK PAST,500ML,
621,AK COW MILK PAST,500ML,
622,LENTIL POWDER,100GM,PARUPPU PODI
623,PEANUT POWDER,100GM,NILAKADALAI PODI
624,CURRY LEAF POWDER,100GM,KARUVEPPILAI PODI
625,HORSEGRAM POWDER,100GM,KOLLU PODI
626,AMLA POWDER,100GM,NELLIKAI  PODI
627,SESAME POWDER,100GM,ELLU PODI
628,MORINGA LEAF POWDER,100GM,MURUNGAI ILAI  PODI
629,GARLIC POWDER,100GM,POONDU PODI
630,IDLY CHILLI POWDER,100GM,IDLI PODI
631,MUDAKATTHAN THOKKU,200GM,
632,DRY GINGER PALM JAGGERY,,SUKKU KARUPATTI
633,ENERGY BALLS,150 GM,
634,PISTA GREEN,,
635,ALGERIAN BROWN DATES,,UNPACKED
636,BUTTER UNSALTED,100GM,VENNAI
637,MUMTAZ FIG PACKET,,
638,MIXED DRY FRIUTS BOX,,
639,HERBAL MOSQUITO REPELLENT INCENSE STICKS,,
640,SMALL ELEPHANT YAM,,PIDIKARANAI
641,COW GHEE,200 ML,PASU NEI
642,DRY CHILLI,,VARA MILAGAI
643,PALM JAGGERY,,PANA KARUPATTI
644,HIMALAYAN SALT POWDER,,INDHU UPPU THOOL
645,DRY GINGER,,SUKKU
646,COW BUTTER,,PASU VENNAI
647,GROUNDNUT  SEED,250 GM,NAATU NILA KADALAI
648,DRY APRICOT,,
649,TURMERIC POWDER,100 GM,MANJAL THOOL
650,SESAME BALLS,100GM,ELLU URUNDAI
651,W BROWN 1/4,01 L,
652,W BROWN,02 L,
653,W BROWN,03 L,
654,04 APPLE BROWN,,
655,W BROWN,05 L,
656,W BROWN,06 L,
657,W BROWN,07 L,
658,UDO,08 L,1/4NO
659,UDO,09 L,1/2 NO
660,10 HANDI,,
661,11 HANDI,,
662,12 MUSHAL HANDI,,
663,13 SMILE JAR,,M
664,14 SMILE JAR,,BIG
665,15 BORA,,SMALL
666,16 BORA,,MEDIUM
667,17 BORA,,BIG
668,18 MATKA,,S
669,19 MATKA,,M
670,20 MATKA,,B
671,21 MAT BAR,,1.5KG
672,22 MAT BAR,,2 KG
673,23 BROAD MOUTH JAR,,
674,24 COLOUR JAR,,2KG
675,25 JILABI HANDI,,
676,26 JILABI,,S
677,27 JILABI,,M
678,28 JILABI,,B
679,30 NISSAN JAR,,
680,31 HANDI + MATHINI,,
681,32 JEERA JAR,,NO. 02
682,33 SQUARE NO. 12,,
683,34 SQUARE NO. 17,,
684,35 SQUARE NO. 25,,
685,36 SQUARE NO. 26,,
686,37 SQUARE NO. 13,,
687,38 SQUARE NO. 14,,
688,39 SQUARE NO.1,,
689,40 MUSHAL SQUARE,,S
690,41 MUSHAL SQUARE,,M
691,42 MUSHAL SQUARE 1KG,,
692,43 MUSHAL SQUARE 2KG,,
693,44 ROUND JAR,,S
694,45 ROUND JAR,,M
695,46 ROUND JAR,,1KG
696,47 ROUND JAR,,2 KG
697,48 COFFEE SET,,
698,49 OIL CAN,,S
699,50 OIL CAN,,M
700,51 OIL CAN,,B
701,52 PEPPER SALT,,
702,53 SPOON REST,,
703,54 SMALL BASKET,,
704,55 MEDIUM BASKET,,
705,56 CHINESE JAR,,s
706,57 CHINESE JAR,,M
707,58 CHINESE JAR,,B
708,59 1 KG LIVA JAR,,
709,60 SUN SHINE BABY SET,,
710,61 HAND WASH,,
711,64 CHUTNEY KATTORI,,
712,65 CC NO. 1,,
713,66 CC NO. 2,,
714,67 CC NO. 3,,
715,68 CC NO. 4,,
716,69 CC NO. 5,,
717,70 MUGHAL SQUARE JAR,,1*12
718,71 MUGHAL SQUARE JAR,,1*8
719,72 MUGHAL SQUARE JAR,,1*4
720,73 2 PCS PICKEL,,
721,74 2PCS W/MAT,,
722,75 3PCS W/MAT,,
723,76 WATER JUG,,NO. 16
724,77 WATER JUG,,NO. 09
725,78 FLING,,
726,79 OCCASSION,,
727,80 ROYAL PARADISE,,
728,81 DRINK HUB,,
729,82 CHAI BAR,,
730,83 INVITATION,,
731,84 PLAIN TAWA,,
732,85 JALI TAWA,,
733,86 10 INCH PLATE,,
734,87 8 INCH PLATE,,
735,88 DH ITRE,3 L,
736,89 DH ITRE,4 L,
737,90 H 3PCS,,
738,91 M 3PCS,,
739,92 TRAY JUG SET,,
740,93 SMALL FRY PAN,,
741,ARGE FRY PAN,94 L,
742,95 COOKER ITRE,3 L,
743,96 MATKA IT,11 L,
744,97 P3 WITHOUT,,ST
745,98 P3 WITH STAND,,
746,99 JUG,,
747,6,100 G,
748,101 C6,,
749,102 8D02 MUG,,
750,103 HANDI TERROCOTA,,B
751,104 HANDI,,S
752,EORGEOUS,105 G,
753,106 EVERYDAY,,
754,107 CAMPTY,,
755,108 SEASON TREAT,,
756,109 SWEET SASSY,,
757,REEN TEA,110 G,
758,111 HAUDI IT,5 L,
759,112 D.H.3,,
760,113 D.H.2.5,,
761,114 WATER DISPENSER,,
762,AK MALAI PANEER,,
763,FOXTAIL RIBBON PAKODA,200 GM,THINAI
764,MAPILLAI SAMBA AVAL MIXER,200 GM,
765,KODO MILLET MIXER,200 GM,VARAGU
766,MAPILLAI SAMBA MURUKKU,200 GM,
767,LITTLE MILLET MURUKKU,200 GM,SAAMAI
768,COCONUT MILK MURUKKU,200 GM,THENGAI
769,LITTLE MILLET GARLIC  MURUKKU,200 GM,SAAMAI
770,KODO  MILLET MURUKKU,200 GM,VARAGU
771,FOXTAIL MILLET  MURUKKU,200 GM,THINAI
772,PEARL MILLET MIXTURE,200 GM,KAMBU
773,SOYA CHUNKS,,Meal Maker
774,Big Brinjal,,OODHA KATHIRI KAI
775,KODO MILLET,500 GM,VARAGU
776,JAMUN HONEY,150GM,
777,SUNFLOWER HONEY,150GM,SOORIYAGANDHI
778,MUSTARD HONEY,150 GM,KADUGU
779,TULSI HONEY,150 GM,
780,ACACIA HONEY,150 GM,KARUVELA
781,SUN DRIED BALLS,100GM,THALIPPU VADAGAM
782,VADA DHAL,250 GM,PARUPPU
783,HERBAL COUNTRY SUGAR,,MOOLIGAI NATTU SARKARAI
784,KODO MILLET SEMIYA,180GM,VARAGU
785,DRUMSTICK SEMIYA,180GM,MURUNGAI
786,BARNYARD VERMICELLI,,KUTHIRAI VAALI
787,WHITE POHA,250GM,thin
788,RED RICE POHA,250GM,thick
789,WHITE SORAHUM  RAVA,400GM,VELLAI SOLAM
790,KODO MILLET RAVA,400GM,VARAGU
791,MILLET CHIKKIES,70GM,SIRUTHAANIYAM
792,BARNYARD  MILLET COOKIES,100GM,KUTHIRAI VAALI
793,CUSTARD APPLE,,SEETHA PALAM
794,KARUPPU KAVUNI DOSAI READY MIX,500GM,
795,TURMERIC POWDER,,MANJAL THOOL
796,Cocoa Lip Balm,,HERBAL
797,ROSE & SAFFRON FACE PACK,100GM,HERBAL
798,Rose and Mulethi Face pack,,HERBAL
799,KUPAIMENI   SOAP,100 GM,HERBAL
800,MANJISTHA SOAP,100 GM,HERBAL
801,VETIVER  SOAP,100 GM,HERBAL
802,ROSE  SOAP,100 GM,HERBAL
803,AVARAMPOO  SOAP,100 GM,HERBAL
804,KASTURI MANJAL SOAP,100 GM,HERBAL
805,ORANGE  SOAP,100 GM,HERBAL
806,CHARCOAL  SOAP,100 GM,F2B
807,PAPAYA SOAP,100 GM,HERBAL
808,COCOA FACE PACK,50 GM,HERBAL
809,SAFFRON GEL,50 GM,HERBAL
810,LOOFAH,,PEERKANGAI NAAR
811,FRESH GROUNDNUT,,PACHAKADALAI KAI
812,COUNTRY GARLIC,,
813,COUNTRY CASHEW NUT,100 GM,NAATU MUNDIRI
814,PAASI PARUPPU,500GM,RAIN FALL YIELD
815,AK CHEDDAR CHEESE SLICES,100 G,
816,RIDGE GOURD,,PEERKAN KAI
817,Yellow Raisin,,ULAR THIRATCHAI
818,WALNUT,100 GM,
819,PASI PAYIRU,250 GM,RAIN FALL YIELD
820,KASURI METHI,25 GM,VENTHAYA KEERAI
821,SAPPAN WOOD,50 GM,PATHIMUGAM
822,LONG PEPPER,,THIPPILI
823,SANDAL WOOD,,SANDHANA KATTAI
824,BLACK RAISINS SEEDLESS,,KARUPPU ULAR THIRATCHAI
825,CUMIN SEEDS,,SEERAGAM
826,MAKHANA,,THAMARAI VIDHAI
827,SESAME OIL,500ML,PALM JAGGERY
828,SESAME OIL,,PALM JAGGERY
829,NEEM OIL,100ML,VEPPENNAI
830,MUDAKATHAN  PODI,100GM,
831,BUFFALO BUTTER,250 GM,ERUMAI VENNAI
832,WHEAT FLOUR,,GOTHUMAI MAAVU
833,BRIDEGROOM FLOUR,250GM,MAPPILAI SAMBA
834,JUST MOP FLOOR CLEANER,500ML,
835,BARNYARD FLOUR,,KUTHIRAI VAALI MAAVU
836,EMPEROR'S RICE FLOUR,250 GM,KARUPPU KAVUNI
837,LITTLE MILLET PONGAL MIX,,SAAMAI
838,KOVAI ILLAI KARUVEPILLAI THOKKU,200GM,
839,PLANTAIN FLOWER THOKKU,200GM,VAALAI POO
840,ELEPHANT FOOT YAM,200 GM,KARUNAI KELANGU
841,TOMATO THOKKU,200GM,THAKKALI
842,MANGO GINGER THOKKU,200GM,MAA INJI
843,KASTHURI MANJAL,,
844,MOSCUP,,
845,SAPOTA,,
846,SAMBAR CHILLI POWDER,100GM,KULAMBU MILAGAI THOOL
847,FIELD BEANS,,MOCHAI AVARAI
848,INDIAN PENNYWORT POWDER,50 GM,VALLARAI
849,CLOVE,,KIRAMBU
850,PROSO  MILLET FLOUR,250 GM,PANI VARAGU MAAVU
851,MAPILLAI SAMBA RICE,,
852,YELLOW CUCUMBER,,DOSAKAI
853,WHITE SOLAM POHA,250GM,VELLAI SOLAM AVAL
854,Crown Dates,500GM,
855,FOX TAIL FLOUR,250GM,THINAI MAAVU
856,FENUGREEK,200GM,VENTHAYAM
857,COCONUT  POWDER,100 GM,THENGAI  PODI
858,EUCALYPTUS HONEY,150 GM,
859,EUCALYPTUS HONEY,350 GM,
860,TULSI HONEY,350 GM,
861,JAMUN HONEY,,NAVAL
862,MILLATINO,90 GM,
863,FOXTAIL MILLET COOKIES,100GM,THINAI
864,RED RICE  FLOUR,250 GM,SIVAPPU ARISI MAAVU
865,AK PIZZA CHEESE,,
866,AK YOGURT MANGO,90 G,
867,AK YOGURT PLAIN,90 G,
868,AK  BUTTER,,SALTED
869,CASTOR OIL,500 ML,VELAKKENNAI
870,DESI PEARL FLOUR,250 GM,NAATU KAMBU MAAVU
871,IDIYAPPAM FLOUR,500GM,
872,SESAME OIL,500 ML,SUGARCANE JAGGERY
873,SESAME OIL,,SUGARCANE JAGGERY
874,BAY LEAF,,BIRIYANI LEAF
875,PUFFED RICE,100 GM,PORI
876,FACIAL POWDER,60GM,
877,RED GUAVA,,SIVAPPU KOYYA
878,CUCUMBER COUNTRY,,NAATU VELLARI
879,ROASTED PEANUT,100 GM,VARUTTHA NILAKADALAI
880,SH : WHOLE WHEAT FLOUR,,GOTHUMAI MAAVU
881,KIDS BAMBOO TOOTH BRUSH,,BLUE
882,KIDS BAMBOO TOOTH BRUSH,,PINK
883,KULIYAL POWDER,100GM,
884,TOOTH POWDER,50GM,KOVARSHINI
885,KUNGUMAM,30GM,
886,NATURAL MALISH OIL,100ML,KOVARSHINI
887,DHOOP,40 GM,
888,BAMBOO TOOTH BRUSH,2 G,BUY ET 1
889,BAMBOO TONGUE CLEANER,,
890,WHITE PUMPKIN,,VELLAI POOSINI
891,RICE POHA,250GM,MAPILLAI SAMBA AVAL
892,TURMERIC POWDER,130 GM,MANJAL THOOL
893,SMALL BEANS,,KARAMANI
894,BAMBOO FIBRE BRISTLE,,TOOTH BRUSH
895,CHARCOAL INFUSED BRISTLE,,TOOTH BRUSH
896,RAW TOMATO,,PACHA THAKKALI
897,SANDALWOOD STONE,,SANDHANA KAL
898,TAMARIND,,PULI
899,TAMARIND,,PULI
900,WHEEL VADAGAM,100GM,
901,HORSE GRAM,500GM,KOLLU
902,MUFFINS,,
903,BRIDEGROOM BROWNIE,,MAPPILAISAMBA
904,COOKIES,,
905,HOMEMADE ICE CREAM,,
906,MINICREAM BUN,,
907,PANJAGAVIYA VILAKKU,,KOVARSHINI
908,TENDER COCONUT,,ILA NEER
909,SUGARCANE JUICE,,KARUMBU PAAL
910,NECTRAW  BOTTLE,,PADHANEER
911,PAPAYA,,PAPPALI
912,GROUNDNUT,,NAATU NILAKADALAI
913,TINY PALM JAGGERY,,KARUPATTI
914,MUSTARD OIL,250 ML,KADUGU ENNAI
915,WHITE URAD DAL,,MOTTU ULUNDHU
916,MANVILAKKU,,DESIGN
917,MILLET HEALTH MIX,250GM,SIRUTHAANIYA SATTHU MAAVU
918,HEALTH MIX,,SATTHU MAAVU
919,MILLET HEALTH MIX,,SIRUTHAANIYA SATTHU MAAVU
920,JUJUBE POWDER,,ELANDHAI PODI
921,JUJUBESEEDLESS,,ELANDHAVADAI
922,JUJUBE SEED,,ELANDHAI
923,PANEER BITTER GUARD,,SIRU PAAVA KAI
924,KAIKUTHAL RAW RICE,,
925,Ginger candy,,
926,COCONUT JAGGERY BALLS,,
927,PEANUT CANDY,,GRINDED
928,BLACK SESAME BALLS,100G,
929,GROUNDNUT BALLS,100G,
930,SAYAN DATES BLACK,,
931,WHITE SESAME BALLS,,
932,BLACK RAISIN SEEDLESS,100G,
933,PEARL MILLET SEMIYA,,KAMBU
934,MULTI MILLET VERMICELLI,180GM,
935,RED RICE VERMICELLI,180 GM,
936,LITTLE MILLET NOODLES,180 G,
937,BUTTER UNSALTED,200G,
938,TABLE BUTTER,100G,SALTED
939,JAGGERY POWDER,500G,
940,KHANDSARI SUGAR,500G,
941,MOS RELIEF VAPORIZER,,
942,KASHMIRI MILAGAI,100G,
943,OMAM,100GM,
944,MUSTARD HONEY,350 GM,
945,ACACIA HONEY,350 GM,
946,SESAME HONEY,350 GM,
947,SUNFLOWER HONEY,350 GM,
948,BERRY HONEY,150 GM,
949,ROSE WOOD HONEY,150 GM,
950,LITCHI HONEY,150 GM,
951,FOREST HONEY,150 GM,
952,MADU MULZHUINGI MURUKKU,250 GM,
953,RATHASAALI MURUKKU,,
954,THAMARAI THIRI,,
955,GREEN THIRI,,
956,WHITE THIRI,,
957,HERBAL ROOM DISINFECTANT,,LEMON
958,HERBAL ANT REPELLENT,,
959,HERBAL TERMITE REPELLENT,,
960,AYURVEDIC MOSQUITO REPELLENT ROOM SPRAY,,
961,HERBAL LIZARD REPELLENT,100ML,
962,AYURVEDIC RAT REPELLENT,200ML,(
963,AYURVEDIC ANT REPELLENT,200ML,
964,WHITE PEPPER,50 GM,
965,HERBAL MOSQUITO VAPOURIZER,,
966,VELLAI SOLA FLOUR,250G,
967,KULASAMAI FLOUR,250G,
968,SAMAI FLOUR,250G,
969,THUVARAI PARUPPU,,
970,SUNDAKAI,,
971,BLACK RICE NOODLES,180G,
972,WHEAT BREAD,,SMALL
973,WHEAT BREAD,,MEDIUM
974,WHEAT MILLET PASTA,180GM,GOTHUMAI
975,YOLO EGGS,,
976,PAASI PARUPPU LADOO,,
977,SESAME LADOO,150 GM,
978,KARUPPU KAVUNI LADOO,,
979,THINAI LADOO,,
980,KAMBU LADOO,,
981,RAVA BUN,,LONG
982,RAVA BUN,,ROUND
983,RAVA BREAD,,MEDIUM
984,GROUNDNUT BALLS,,
985,SPICY MASALA GROUNDNUT,200 GM,
986,HAND POUNDED RICE NOODLES,180G,
987,LEMON GRASS ESSENTIAL OIL,15ML,
988,NAATHANGAI,,
989,MARUTHANI,,
990,KHANDSARI SUGAR,,1KG
991,WHEAT DALIYA,500G,(
992,RED POHA,,SH
993,SH : WHITE POHA,500G,
994,ONION THOKKU,200G,
995,VALLARAI THOKKU,200G,
996,HOME MADE CHOCOLATES,,
997,PAASI PARUPPU,250G,
998,Purple Cabbage,,
999,MAKKA CHOLA KURUNAI,500g,500g
1000,WHITE PEPPER POWDER,100G,
1001,GROUNDNUT OIL,5 L,ITRE
1002,PANNER GRAPES,,
1003,SPRING ONION,,
1004,CROWN DATES BLACK DATES,,Unpacked
1005,WHEAT ROUND BUN,80G,
1006,RAVA BREAD,,SMALL
1007,BREAD WHOLE WHEAT,,
1008,EGG WHITE 6ps Eggs,,
1009,GOAT MILK SOAP,100G,
1010,ROYAL UBTAN POWDER,100GM,
1011,BOYS BATHING POWDER,50GM,
1012,WHEAT BUN,,LONG
1013,RAW GREENPEAS,,
1014,RAGI FLOUR,,1 KG
1015,GROUNDNUT,,NILAKADALAI
1016,ROASTED & SALTED PISTACHIOS,100G,
1017,THRIPALA POWDER,50GM,
1018,KUPPAIMENI POWDER,50GM,
1019,GARLIC PICKLE,200 gm,200 gm
1020,KARUPPU KAVUNI RICE KANJI MIX,250G,
1021,CHRISTMAS MAT CAKE,,
1022,PAASI PAYIRU,500 GM,
1023,KIDS TOOTH BRUSH,,A
1024,NATURE DROP HERBAL DISHWASHER,500ML,
1025,CURRY MASALA,150 GM,
1026,CHRISTMAS CAKE SMALL,,JOWAR
1027,PEARL MILLET DOSA MIX,600 GM,S
1028,FINGER MILLET IDLY & DOSA BATTER,600GM,S
1029,BARNYARD MILLET IDLY & DOSA BATTER,600GM,S
1030,PEANUT SWEET BAR,,
1031,NAATU NILAKADALAI BALLS,150GM,
1032,NAATU NILAKADALAI BALLS,300GM,
1033,RAGI FRUIT CAKE,,MINI
1034,RAGI FRUIT CAKE,,SMALL
1035,ATHIRASAM,150 GM,
1036,PAASI PARUPPU URUNDAI,150GM,
1037,TN ROSE RICE,,
1038,AK DOSA BATTER,750 GM,
1039,RASTHALI BANANA,,
1040,RATHASALI RICE 1 KG,,
1041,BROWN EGGS PIECES BOX,,6
1042,lemon pickle 200gm,200gm,
1043,dhanyam batter 1 kg,,
1044,ATHIRASAM,300 GM,
1045,NAATU GROUNDNUT OIL,1L,
1046,GREEN SEED PENCIL,,
1047,NEWS PAPER SEED PENCIL,,
1048,SEED PEN,,
1049,THOOYAMALLI AVUL LADOO,150 GM,
1050,KULAMBU MILAGAI THOOL,150 GM,
1051,nectraw,,justin
1052,PANA KELANGU,,
1053,CURRY LEAVES,,
1054,POONGAR POHA,250 GM,POONGAR RICE AVAL
1055,VARA MILAGAI,100 GM,
1056,MORINGA SERUM,100 ML,
1057,ABC MALT,,
1058,SHIKAKAI POWDER,200 GM,
1059,KOVARSHINI NATURAL SHAMPOO,180 ML,
1060,KOVARSHINI MOSQUITO STICKS,,
1061,RED CHILLI VADAGAM,100 GM,
1062,KADALAI PARUPPU,250 GM,RAINFALL YIELD
1063,PAASI PARUPPU,250 GM,NAATU
1064,BASKET,,
1065,KARUPPU KAVUNI LADOO,150 GM,
1066,SESAME LADOO,300 GM,
1067,KAMBU LADOO,150 GM,
1068,FRUITS GIFT BASKET,,
1069,FIG IDLY PODI MIX,100G,
1070,KATTUYANAM AVUL,250 GM,
1071,RAGI,500 GM,
1072,BEE POLLEN,100 GM,
1073,mudavatukal kelangu,,
1074,ABC MALT,200 GM,FARM2BAG
